foo,15,2023-02-26 17:14:13
foo,15,2023-02-26 17:30:58
111oo,1111,2023-02-26 17:31:25
2333,5.776399838331773,2023-02-26 17:34:39
2333,7.570448620375174,2023-02-26 17:34:44
2333,6.813083845676394,2023-02-26 17:34:49
2333,4.250314070461746,2023-02-26 17:34:55
2333,1.6379724222380743,2023-02-26 17:35:00
2333,2.0752418788189617,2023-02-26 17:35:05
2333,6.048839559800444,2023-02-26 17:35:11
2333,5.886891311633229,2023-02-26 17:35:16
2333,6.804366515103959,2023-02-26 17:35:22
2333,4.248539922193738,2023-02-26 17:35:27
2333,2.6943591291672755,2023-02-26 17:35:32
2333,1.9930974541302398,2023-02-26 17:35:38
2333,5.016936990578854,2023-02-26 17:35:43
2333,6.206245113580546,2023-02-26 17:35:49
2333,7.502022532108509,2023-02-26 17:35:54
2333,3.861847240444258,2023-02-26 17:36:00
2333,3.7064382896117247,2023-02-26 17:36:05
2333,1.8148986653725285,2023-02-26 17:36:10
2333,3.765302630446142,2023-02-26 17:36:16
2333,5.713526096310023,2023-02-26 17:36:21
2333,5.9534699185123205,2023-02-26 17:36:27
2333,5.393961888100065,2023-02-26 17:36:32
2333,2.992331222681111,2023-02-26 17:36:37
2333,3.1308703841963297,2023-02-26 17:36:43
2333,4.628618733993299,2023-02-26 17:36:48
2333,5.950384439270002,2023-02-26 17:36:54
2333,7.355038792125233,2023-02-26 17:36:59
2333,4.632095713364468,2023-02-26 17:37:04
2333,2.622180312420279,2023-02-26 17:37:10
2333,3.9258683611404837,2023-02-26 17:37:15
2333,4.053136669138923,2023-02-26 17:37:21
2333,5.287790631327255,2023-02-26 17:37:26
2333,6.669093123834906,2023-02-26 17:37:31
2333,5.3961891891059635,2023-02-26 17:37:37
2333,3.2564287576296027,2023-02-26 17:37:42
2333,2.404513366652263,2023-02-26 17:42:00
2333,4.527719733131064,2023-02-26 17:42:00
2333,3.3694894045772927,2023-02-26 17:42:00
2333,5.645854233291715,2023-02-26 17:42:00
2333,1.3581087396507256,2023-02-26 17:42:00
2333,7.454832715030838,2023-02-26 17:42:00
2333,1.4680066514828436,2023-02-26 17:42:00
2333,1.01494078761408,2023-02-26 17:42:00
2333,6.69503118275819,2023-02-26 17:42:00
2333,6.985167182541991,2023-02-26 17:42:00
2333,4.493355203410011,2023-02-26 17:42:00
2333,5.128717391413774,2023-02-26 17:42:00
2333,2.2098280903966936,2023-02-26 17:42:00
2333,4.385528422329421,2023-02-26 17:42:00
2333,3.131088161654768,2023-02-26 17:42:00
2333,4.775210159365215,2023-02-26 17:42:00
foo,15,2023-02-26 17:42:00
2333,2.4109576650373654,2023-02-26 17:42:00
2333,2.0524144155902677,2023-02-26 17:42:00
2333,2.5183820318161754,2023-02-26 17:42:00
2333,6.0610085795984565,2023-02-26 17:42:00
2333,6.625824272541422,2023-02-26 17:42:00
2333,4.546691396191727,2023-02-26 17:42:00
2333,6.12888180046764,2023-02-26 17:42:00
2333,3.7218411358573587,2023-02-26 17:42:00
2333,7.0440186484325125,2023-02-26 17:42:00
2333,4.752590567604128,2023-02-26 17:42:01
2333,3.2298240756468712,2023-02-26 17:42:06
2333,1.723149947051465,2023-02-26 17:42:12
2333,6.178966011801832,2023-02-26 17:42:17
2333,6.665315898143254,2023-02-26 17:42:22
2333,4.998997788393947,2023-02-26 17:42:28
2333,5.26636794148763,2023-02-26 17:42:33
2333,3.405787598997427,2023-02-26 17:42:39
2333,1.9534898430646006,2023-02-26 17:42:44
2333,5.549756261845603,2023-02-26 17:42:49
2333,6.745625133388915,2023-02-26 17:42:55
2333,5.589649719497627,2023-02-26 17:43:00
2333,6.155692046019874,2023-02-26 17:43:05
2333,2.939625351977931,2023-02-26 17:43:11
2333,3.8003907301565136,2023-02-26 17:43:16
2333,4.41664630896182,2023-02-26 17:43:21
2333,6.409924102551745,2023-02-26 17:43:27
2333,7.908988181640011,2023-02-26 17:43:32
2333,4.273658544319208,2023-02-26 17:43:38
2333,3.1932585610001607,2023-02-26 17:43:43
2333,1.8046053344988815,2023-02-26 17:43:48
2333,1.8874058538470384,2023-02-26 17:43:54
2333,6.195153957447015,2023-02-26 17:43:59
2333,6.011177416721052,2023-02-26 17:44:05
2333,5.475211400535763,2023-02-26 17:44:10
2333,4.12982783871573,2023-02-26 17:44:16
2333,1.6399304424418504,2023-02-26 17:44:21
2333,2.003272596119036,2023-02-26 17:44:27
2333,5.060938386667241,2023-02-26 17:44:32
2333,5.13446605881045,2023-02-26 17:44:38
2333,5.626303493563077,2023-02-26 17:44:43
2333,5.656677885385417,2023-02-26 17:44:48
2333,3.7270526358005736,2023-02-26 17:44:54
2333,2.776795578900834,2023-02-26 17:44:59
2333,4.262282098921156,2023-02-26 17:45:05
2333,7.366142784002891,2023-02-26 17:45:10
2333,6.1981219844256525,2023-02-26 17:45:16
2333,3.944494611572002,2023-02-26 17:45:21
2333,4.76311396446866,2023-02-26 17:45:26
2333,2.4713490307234776,2023-02-26 17:45:32
2333,3.898714346584522,2023-02-26 17:45:37
2333,5.859990431638325,2023-02-26 17:45:43
2333,7.678370776917648,2023-02-26 17:45:48
2333,5.415505407558562,2023-02-26 17:45:53
2333,4.558261101800323,2023-02-26 17:45:59
2333,1.6398682443675183,2023-02-26 17:46:04
2333,4.283768282866054,2023-02-26 17:46:09
2333,5.945970805484757,2023-02-26 17:46:15
2333,7.4249393882080765,2023-02-26 17:46:20
2333,5.815541311219703,2023-02-26 17:46:26
2333,5.16286777266191,2023-02-26 17:46:31
2333,2.487027317689621,2023-02-26 17:46:37
2333,1.60420080456696,2023-02-26 17:46:42
2333,4.981372584515086,2023-02-26 17:46:47
2333,5.402282715818062,2023-02-26 17:46:53
2333,7.354262656278731,2023-02-26 17:46:58
2333,4.63408582470333,2023-02-26 17:47:04
2333,2.166159769289964,2023-02-26 17:47:09
2333,1.6933944237286138,2023-02-26 17:47:15
2333,3.912063399636861,2023-02-26 17:47:20
2333,6.876722837286884,2023-02-26 17:47:25
2333,6.571865080284017,2023-02-26 17:47:31
2333,6.736263037763328,2023-02-26 17:47:36
2333,3.5299968328998252,2023-02-26 17:47:42
2333,6.09892133016894,2023-02-26 17:52:46
2333,6.427817361808064,2023-02-26 17:52:52
2333,4.700805846359884,2023-02-26 17:52:57
2333,2.9632540428878884,2023-02-26 17:53:02
2333,3.088775077255768,2023-02-26 17:53:08
2333,3.285985225423117,2023-02-26 17:53:13
2333,6.273713228470665,2023-02-26 17:53:18
2333,5.331250187918868,2023-02-26 17:53:24
2333,6.389802671633551,2023-02-26 17:53:29
2333,3.2295847489550273,2023-02-26 17:53:35
2333,1.2009579912978057,2023-02-26 17:53:40
2333,4.560870060788319,2023-02-26 17:53:46
2333,4.379950117109292,2023-02-26 17:53:51
2333,7.5106022313422764,2023-02-26 17:53:56
2333,6.961306537790589,2023-02-26 17:54:02
2333,5.240406337338925,2023-02-26 17:54:07
2333,2.6736490082103437,2023-02-26 17:54:12
2333,2.570636319562336,2023-02-26 17:54:18
2333,4.855112573142525,2023-02-26 17:54:23
2333,7.796962426989737,2023-02-26 17:54:29
2333,5.408479700430014,2023-02-26 17:54:34
2333,3.6047928621565224,2023-02-26 17:54:39
2333,3.317701529494914,2023-02-26 17:54:45
2333,1.3854234571658768,2023-02-26 17:54:50
2333,4.258508767194446,2023-02-26 17:54:55
2333,5.878608969904734,2023-02-26 17:55:01
2333,7.465650441700271,2023-02-26 17:55:06
2333,4.273468169783854,2023-02-26 17:55:12
2333,4.175735743841705,2023-02-26 17:55:17
2333,2.2041596026347863,2023-02-26 17:55:23
2333,2.6328589094368007,2023-02-26 17:55:28
2333,6.005363416555103,2023-02-26 17:55:34
2333,5.918410366864833,2023-02-26 17:55:39
2333,6.817825302503169,2023-02-26 17:55:45
2333,4.557463517302976,2023-02-26 17:55:50
2333,1.7360413248062583,2023-02-26 17:55:55
2333,4.501350480484946,2023-02-26 17:56:01
2333,5.549886851586521,2023-02-26 17:56:06
2333,6.039301210270857,2023-02-26 17:56:12
2333,6.3146820982804135,2023-02-26 17:56:17
2333,3.9484325607323623,2023-02-26 17:56:23
2333,3.3685786446095696,2023-02-26 17:56:28
2333,2.736886482614298,2023-02-26 17:56:34
2333,5.306670273281767,2023-02-26 17:56:39
2333,4.935316294059305,2023-02-26 17:56:44
2333,5.531189245801337,2023-02-26 17:56:50
2333,3.4815178880644178,2023-02-26 17:56:55
2333,4.139141437641522,2023-02-26 17:57:01
2333,2.0309683222960384,2023-02-26 17:57:06
2333,2.8155827241003473,2023-02-26 17:57:11
2333,5.183361948152916,2023-02-26 17:57:17
2333,5.356589970850065,2023-02-26 17:57:22
2333,5.933886888323929,2023-02-26 17:57:28
2333,3.8110580607464417,2023-02-26 17:57:33
2333,1.6499200455318508,2023-02-26 17:57:38
2333,2.509941259788988,2023-02-26 17:57:44
2333,4.525562395538396,2023-02-26 17:57:49
2333,5.407190617439687,2023-02-26 17:57:55
2333,5.303520211490709,2023-02-26 17:58:00
2333,3.0825518946332466,2023-02-26 17:58:05
2333,1.331429908454275,2023-02-26 17:58:11
2333,4.209934537534135,2023-02-26 17:58:16
2333,5.428144607917327,2023-02-26 17:58:22
2333,5.707597510259479,2023-02-26 17:58:27
2333,5.944080573372829,2023-02-26 17:58:32
2333,3.5404668852177217,2023-02-26 17:58:38
2333,4.153271546153723,2023-02-26 17:58:43
2333,1.503872379827508,2023-02-26 17:58:49
2333,4.15985969673362,2023-02-26 17:58:54
2333,6.0085226422099955,2023-02-26 17:59:00
2333,5.01184975679074,2023-02-26 18:00:19
2333,4.635038631508372,2023-02-26 18:00:25
2333,2.6711480420956084,2023-02-26 18:00:30
2333,1.4021327731303919,2023-02-26 18:03:25
2333,4.93665986645995,2023-02-26 18:03:30
2333,5.886025833926723,2023-02-26 18:03:36
2333,6.9019197043927605,2023-02-26 18:20:24
2333,4.996096903166121,2023-02-26 18:20:29
2333,3.258795420082043,2023-02-26 18:20:35
2333,3.2615155896107435,2023-02-26 18:20:40
2333,2.0394705470767853,2023-02-26 18:36:10
2333,4.896915491613861,2023-02-26 18:36:15
2333,7.774191636303204,2023-02-26 18:36:20
2333,5.811712845522233,2023-02-26 18:36:26
2333,4.457621557007506,2023-02-26 18:36:31
2333,1.783073048753525,2023-02-26 18:36:37
2333,2.327634462610029,2023-02-26 18:36:42
2333,4.369716310727635,2023-02-26 18:52:47
2333,6.4622865659603965,2023-02-26 18:52:52
2333,5.8512864814925,2023-02-26 19:08:43
2333,3.875114263277015,2023-02-26 19:26:15
2333,1.7695056632006343,2023-02-26 19:30:00
2333,3.175669023443441,2023-02-26 19:30:05
2333,4.721217576970965,2023-02-26 19:30:54
2333,7.210481278618058,2023-02-26 19:30:59
2333,7.106403000303703,2023-02-26 19:31:57
2333,5.8877979712383794,2023-02-26 19:33:45
2333,4.608863247215234,2023-02-26 19:33:50
2333,3.8995680344604953,2023-02-26 19:34:48
2333,4.778892319355878,2023-02-26 19:51:07
2333,6.0750551101166055,2023-02-26 19:51:13
2333,5.336861476415894,2023-02-26 20:07:13
2333,4.285527602355337,2023-02-26 20:07:20
2333,3.522107223438304,2023-02-26 20:08:28
2333,2.9202807189251097,2023-02-26 20:08:33
2333,2.041311353399619,2023-02-26 20:08:39
2333,5.788950655944754,2023-02-26 20:08:44
2333,5.228465954744764,2023-02-26 20:08:50
2333,5.9361238741275075,2023-02-26 20:08:55
2333,3.0845310836296065,2023-02-26 20:09:01
2333,2.466253855997947,2023-02-26 20:09:06
2333,2.123191916714676,2023-02-26 20:09:12
2333,5.350487738148232,2023-02-26 20:09:17
2333,5.312103900388146,2023-02-26 20:09:22
2333,7.026682979847542,2023-02-26 20:09:28
2333,5.106589104825719,2023-02-26 20:09:33
2333,3.918852516718805,2023-02-26 20:09:39
2333,3.050074243291725,2023-02-26 20:09:44
2333,5.084053969700284,2023-02-26 20:09:49
2333,4.584795444966235,2023-02-26 20:09:55
2333,6.736063207958001,2023-02-26 20:10:00
2333,5.8430044833602,2023-02-26 20:10:06
2333,4.658836968028169,2023-02-26 20:10:11
2333,3.9172554132918336,2023-02-26 20:10:17
2333,4.7002791611301,2023-02-26 20:10:22
2333,6.1452151844291265,2023-02-26 20:10:27
2333,6.615101764008381,2023-02-26 20:10:33
2333,5.59139631209384,2023-02-26 20:10:38
2333,3.080472199478564,2023-02-26 20:10:44
2333,3.5315044264532247,2023-02-26 20:10:49
2333,1.7471522774601584,2023-02-26 20:10:55
2333,5.070305734525789,2023-02-26 20:11:00
2333,5.65457899864388,2023-02-26 20:11:05
2333,5.364912870199355,2023-02-26 20:11:11
2333,4.622910489717707,2023-02-26 20:11:16
2333,2.441990246838447,2023-02-26 20:11:22
2333,2.008415474596858,2023-02-26 20:11:27
2333,3.156696716519345,2023-02-26 20:11:32
2333,6.798751933968024,2023-02-26 20:11:38
2333,5.773754702496198,2023-02-26 20:11:43
2333,3.8615963655346177,2023-02-26 20:11:49
2333,3.734486748825712,2023-02-26 20:11:54
2333,2.6369019794250033,2023-02-26 20:12:00
2333,4.669608529990225,2023-02-26 20:12:05
2333,6.609192752851568,2023-02-26 20:12:11
2333,5.503430696576724,2023-02-26 20:12:16
2333,6.0233825143520585,2023-02-26 20:12:22
2333,4.889635316804908,2023-02-26 20:12:27
2333,3.94457366029979,2023-02-26 20:12:33
2333,2.4150442918279396,2023-02-26 20:12:38
2333,4.740882980977556,2023-02-26 20:12:43
2333,5.91197443067054,2023-02-26 20:12:49
2333,5.282584776623876,2023-02-26 20:12:54
2333,5.604642060339153,2023-02-26 20:13:00
2333,1.4512087623972332,2023-02-26 20:13:05
2333,2.26925500179886,2023-02-26 20:13:11
2333,3.267257461076272,2023-02-26 20:13:16
2333,5.8384746482092105,2023-02-26 20:13:22
2333,6.296370414202071,2023-02-26 20:13:27
2333,4.775319505658474,2023-02-26 20:13:33
2333,3.90383160088657,2023-02-26 20:13:38
2333,1.7793884706490148,2023-02-26 20:13:44
2333,4.861820414174392,2023-02-26 20:13:49
2333,7.1193269550398695,2023-02-26 20:13:55
2333,6.269040581605498,2023-02-26 20:14:00
2333,5.443838949538971,2023-02-26 20:14:06
2333,2.6606154585243655,2023-02-26 20:14:11
2333,3.0366462154595792,2023-02-26 20:14:17
2333,4.672870261256666,2023-02-26 20:14:22
2333,5.500924535166568,2023-02-26 20:14:28
2333,5.835097767555001,2023-02-26 20:14:33
2333,4.81073141218087,2023-02-26 20:14:39
2333,5.298544278823481,2023-02-26 20:14:44
2333,2.3957248509085867,2023-02-26 20:14:50
2333,1.7637316889173202,2023-02-26 20:14:55
2333,6.065829797577907,2023-02-26 20:15:01
2333,7.751039382691995,2023-02-26 20:15:06
2333,7.1636394743077325,2023-02-26 20:15:12
2333,6.052750339183536,2023-02-26 20:15:17
2333,1.7111978507042904,2023-02-26 20:15:23
2333,3.5065082057124477,2023-02-26 20:15:28
2333,3.9597049830819313,2023-02-26 20:15:34
2333,5.024250418569432,2023-02-26 20:15:39
2333,6.99503165957386,2023-02-26 20:15:45
2333,3.7713189017058486,2023-02-26 20:15:50
2333,3.4774126713509466,2023-02-26 20:15:55
2333,1.8072075140942794,2023-02-26 20:16:01
2333,4.890056805249877,2023-02-26 20:16:06
2333,5.0590748556701515,2023-02-26 20:16:12
2333,7.884192004686356,2023-02-26 20:16:17
2333,5.665425775436928,2023-02-26 20:16:23
2333,4.158800103552899,2023-02-26 20:16:28
2333,1.161439027440818,2023-02-26 20:16:34
2333,4.336202843507221,2023-02-26 20:16:39
2333,6.170755017089545,2023-02-26 20:16:45
2333,6.526712474713821,2023-02-26 20:16:50
2333,6.473765009139592,2023-02-26 20:16:56
2333,5.7597432338135945,2023-02-26 20:17:01
2333,2.925512946386416,2023-02-26 20:17:07
2333,1.7872874068076476,2023-02-26 20:17:12
2333,4.601140215612795,2023-02-26 20:17:18
2333,5.2947375520822435,2023-02-26 20:17:23
2333,6.904130292384773,2023-02-26 20:17:29
2333,4.278610583968233,2023-02-26 20:17:34
2333,4.522591067576846,2023-02-26 20:17:40
2333,2.3483852318593685,2023-02-26 20:17:45
2333,5.1274460757627764,2023-02-26 20:17:51
2333,6.952261410621269,2023-02-26 20:17:56
2333,6.898810056052083,2023-02-26 20:18:02
2333,4.870803112341619,2023-02-26 20:18:07
2333,4.300047169437821,2023-02-26 20:18:13
2333,3.8855929913440224,2023-02-26 20:18:19
2333,4.718785667151917,2023-02-26 20:18:24
2333,4.747268539559332,2023-02-26 20:18:30
2333,6.135219300757527,2023-02-26 20:18:35
2333,5.9422008938111155,2023-02-26 20:18:41
2333,3.6300841387923946,2023-02-26 20:18:46
2333,3.141917185218651,2023-02-26 20:18:52
2333,3.266826638149475,2023-02-26 20:18:57
2333,5.82842762474738,2023-02-26 20:19:03
2333,5.878526329632789,2023-02-26 20:19:08
2333,6.673564966068401,2023-02-26 20:19:14
2333,5.033928477913264,2023-02-26 20:19:19
2333,2.5166070467757358,2023-02-26 20:19:25
2333,2.8734781174820077,2023-02-26 20:19:30
2333,4.656379527002325,2023-02-26 20:19:36
2333,5.744304449534664,2023-02-26 20:19:41
2333,6.432659418619924,2023-02-26 20:19:46
2333,4.676947519447023,2023-02-26 20:19:52
2333,2.659532055720699,2023-02-26 20:19:57
2333,3.1306416518433293,2023-02-26 20:20:03
2333,5.022345716374895,2023-02-26 20:20:08
2333,5.2363715057162645,2023-02-26 20:20:14
2333,7.869887431185977,2023-02-26 20:20:19
2333,4.677575220593396,2023-02-26 20:20:25
2333,2.425152950094443,2023-02-26 20:20:30
2333,1.7229684352182648,2023-02-26 20:20:36
2333,4.3373421789568205,2023-02-26 20:20:41
2333,5.583412453011575,2023-02-26 20:20:46
2333,5.835113756147162,2023-02-26 20:20:52
2333,7.03721894932235,2023-02-26 20:20:57
2333,3.952160038692606,2023-02-26 20:21:03
2333,1.3001104748945609,2023-02-26 20:21:08
2333,1.3332931944155826,2023-02-26 20:21:14
2333,2.9428223773163786,2023-02-26 20:21:19
2333,5.083998994429153,2023-02-26 20:21:25
2333,7.473743268111498,2023-02-26 20:21:30
2333,6.326644277825579,2023-02-26 20:21:36
2333,3.859962491039079,2023-02-26 20:21:41
2333,2.836614758776217,2023-02-26 20:21:47
2333,5.304381552190467,2023-02-26 20:21:52
2333,6.60949666778755,2023-02-26 20:21:57
2333,7.579661699852887,2023-02-26 20:22:03
2333,4.441906972694511,2023-02-26 20:22:08
2333,4.641943741249788,2023-02-26 20:22:14
2333,1.371975793626944,2023-02-26 20:22:19
2333,4.295178852342639,2023-02-26 20:22:25
2333,6.490758704259435,2023-02-26 20:22:30
2333,6.310546357738137,2023-02-26 20:22:36
2333,6.734046043017054,2023-02-26 20:22:41
2333,3.3524396957453906,2023-02-26 20:22:47
2333,1.818138257493901,2023-02-26 20:22:52
2333,1.4770035093381813,2023-02-26 20:22:58
2333,6.1759443013809,2023-02-26 20:23:03
2333,5.602433826682356,2023-02-26 20:23:09
2333,7.030627440872917,2023-02-26 20:23:14
2333,5.1457219857332355,2023-02-26 20:23:20
2333,1.6831727202457696,2023-02-26 20:23:25
2333,2.3690096726105243,2023-02-26 20:23:31
2333,3.599872636097844,2023-02-26 20:23:36
2333,5.339976567313114,2023-02-26 20:23:41
2333,7.164519052525363,2023-02-26 20:41:29
2333,4.222950249474772,2023-02-26 20:43:16
2333,2.75830446957116,2023-02-26 20:43:21
2333,2.4930128055339047,2023-02-26 20:43:27
2333,3.977416996505437,2023-02-26 20:43:32
2333,4.2514346529264255,2023-02-26 20:43:37
2333,5.541228851702863,2023-02-26 20:43:43
2333,5.6691121237089135,2023-02-26 20:43:48
2333,3.9264027384647644,2023-02-26 20:43:54
2333,3.9508471718925886,2023-02-26 20:43:59
2333,4.488674529465557,2023-02-26 20:44:05
2333,5.344821200953354,2023-02-26 20:44:10
2333,6.924789005448417,2023-02-26 20:44:16
2333,5.474460168691458,2023-02-26 20:44:21
2333,3.9642688338769965,2023-02-26 20:44:27
2333,3.023150730210582,2023-02-26 20:44:32
2333,2.803526261078362,2023-02-26 20:44:38
2333,5.826268519465462,2023-02-26 20:44:43
2333,5.100742984412252,2023-02-26 20:44:49
2333,6.685863605873467,2023-02-26 20:44:54
2333,4.398541459049467,2023-02-26 20:45:00
2333,3.000430052887462,2023-02-26 20:45:05
2333,1.453331714788296,2023-02-26 20:45:11
2333,3.943155191142612,2023-02-26 20:45:16
2333,7.108590012029964,2023-02-26 20:45:22
2333,6.378849230075806,2023-02-26 20:45:27
2333,4.473610723131526,2023-02-26 20:45:32
2333,2.190751806869266,2023-02-26 20:45:38
2333,1.5723715801424454,2023-02-26 20:45:43
2333,3.12635879129004,2023-02-26 20:45:49
2333,4.015163949081501,2023-02-26 20:45:54
2333,6.558069648079485,2023-02-26 20:46:00
2333,6.2949765875676,2023-02-26 20:46:05
2333,3.4300402386966553,2023-02-26 20:46:11
2333,3.4371207562685298,2023-02-26 20:46:16
2333,2.386148522019462,2023-02-26 20:46:21
2333,6.172303227020019,2023-02-26 20:46:27
2333,7.599667531555145,2023-02-26 20:46:32
2333,5.686462730395054,2023-02-26 20:46:38
2333,5.984314310442214,2023-02-26 20:46:43
2333,2.467044796121664,2023-02-26 20:46:49
2333,2.2436962205818647,2023-02-26 20:46:54
2333,4.57711371615955,2023-02-26 20:46:59
2333,5.620164911018286,2023-02-26 20:47:05
2333,6.977076438955622,2023-02-26 20:47:10
2333,4.436057321718485,2023-02-26 20:47:16
2333,2.527292452295481,2023-02-26 20:47:21
2333,3.568674396067628,2023-02-26 20:47:27
2333,4.555523826881182,2023-02-26 20:47:32
2333,6.216294607826252,2023-02-26 20:47:37
2333,6.318914494828723,2023-02-26 20:47:43
2333,6.672746999060083,2023-02-26 20:47:48
2333,2.9975961620299083,2023-02-26 20:47:54
2333,3.173112796081215,2023-02-26 20:47:59
2333,3.9099818139788933,2023-02-26 20:48:05
2333,5.560378415084671,2023-02-26 20:48:10
2333,6.125827205920921,2023-02-26 20:48:15
2333,5.494886334575131,2023-02-26 20:48:21
2333,4.505157481928732,2023-02-26 20:48:26
2333,2.8634856303680456,2023-02-26 20:48:32
2333,3.4822934372750254,2023-02-26 20:48:37
2333,4.1898909335863115,2023-02-26 20:48:43
2333,7.097898224743939,2023-02-26 20:48:48
2333,7.513402404057281,2023-02-26 20:48:53
2333,4.951763222095943,2023-02-26 20:48:59
2333,4.291614344776921,2023-02-26 20:49:04
2333,2.677227663591764,2023-02-26 20:49:10
2333,4.182654583628142,2023-02-26 20:49:15
2333,4.341856180391457,2023-02-26 20:49:21
2333,6.221385262414352,2023-02-26 20:49:26
2333,4.112796077774713,2023-02-26 20:49:31
2333,4.885443377919898,2023-02-26 20:49:37
2333,2.1926915997452765,2023-02-26 20:49:42
2333,2.594517731383366,2023-02-26 20:49:48
2333,4.128288163025324,2023-02-26 20:49:53
2333,5.412298816400875,2023-02-26 20:49:59
2333,4.800365734191582,2023-02-26 20:50:04
2333,5.114386852200133,2023-02-26 20:50:09
2333,2.4367760481829475,2023-02-26 20:50:15
2333,3.67546462313989,2023-02-26 20:50:20
2333,5.573458029110963,2023-02-26 20:50:26
2333,5.256243512848495,2023-02-26 20:50:31
2333,4.783206438059057,2023-02-26 20:50:36
2333,3.1086358997948493,2023-02-26 20:50:42
2333,1.996918672179239,2023-02-26 20:50:47
2333,3.8169667184778593,2023-02-26 20:50:53
2333,2.721570593659037,2023-02-26 20:50:58
2333,5.63656526119718,2023-02-26 20:51:03
2333,5.84993381973153,2023-02-26 20:51:09
2333,5.363832330321956,2023-02-26 20:51:14
2333,4.205608186341646,2023-02-26 20:51:20
2333,1.1058492083019615,2023-02-26 20:51:25
2333,2.21433958587531,2023-02-26 20:51:31
2333,4.334018436456412,2023-02-26 20:51:36
2333,6.58046669303792,2023-02-26 20:51:41
2333,6.37208112387334,2023-02-26 20:51:47
2333,3.5071533701871584,2023-02-26 20:51:52
2333,1.9891940122177512,2023-02-26 20:51:58
2333,2.702255081776317,2023-02-26 20:52:03
2333,3.6873017959913694,2023-02-26 20:52:08
2333,5.081622127171472,2023-02-26 20:52:14
2333,6.5425212856227795,2023-02-26 20:52:19
2333,5.551652696029624,2023-02-26 20:52:25
2333,3.3475542016175,2023-02-26 20:52:30
2333,2.5995285607001324,2023-02-26 20:52:35
2333,3.9761793618087675,2023-02-26 20:52:41
2333,6.422382160939639,2023-02-26 20:52:46
2333,7.305983843840377,2023-02-26 20:52:52
2333,5.160025713974886,2023-02-26 20:52:57
2333,4.249446969876203,2023-02-26 20:53:03
2333,2.8355945957492787,2023-02-26 20:53:08
2333,5.1352035935313305,2023-02-26 20:53:13
2333,5.440264572144768,2023-02-26 20:53:19
2333,6.696107843784199,2023-02-26 20:53:24
2333,5.221849451762823,2023-02-26 20:53:30
2333,2.5114975754232476,2023-02-26 20:53:35
2333,3.6873255515163437,2023-02-26 20:53:41
2333,2.7411881002983476,2023-02-26 20:53:46
2333,5.889972016023931,2023-02-26 20:53:52
2333,5.76147038344204,2023-02-26 20:53:57
2333,5.3146078619096215,2023-02-26 20:54:02
2333,3.113552833409443,2023-02-26 20:54:08
2333,3.8083262224018055,2023-02-26 20:54:13
2333,3.64329505429324,2023-02-26 20:54:19
2333,5.753044567693949,2023-02-26 20:54:24
2333,6.884295980682066,2023-02-26 20:54:30
2333,4.88656292276996,2023-02-26 20:54:35
2333,4.4457655529688935,2023-02-26 20:54:40
2333,2.9170150216801387,2023-02-26 20:54:46
2333,2.232070636927128,2023-02-26 20:54:51
2333,3.5619794412542056,2023-02-26 20:54:57
2333,4.682200107931112,2023-02-26 20:55:02
2333,6.800975403766373,2023-02-26 20:55:08
2333,6.402667659359565,2023-02-26 20:55:13
2333,2.044223555620843,2023-02-26 20:55:18
2333,2.1045188002546693,2023-02-26 20:55:24
2333,3.349642751489256,2023-02-26 20:55:29
2333,6.773493933189556,2023-02-26 20:55:35
2333,6.752279690709166,2023-02-26 20:55:40
2333,4.880542580369699,2023-02-26 20:55:46
2333,4.433443614335387,2023-02-26 20:55:51
2333,3.752052068189549,2023-02-26 20:55:56
2333,2.0796073015573793,2023-02-26 20:56:02
2333,5.605211346691561,2023-02-26 20:56:07
2333,6.2297511436321615,2023-02-26 20:56:13
2333,4.536759442396554,2023-02-26 20:56:18
2333,4.730527364737709,2023-02-26 20:56:24
2333,3.612263960654052,2023-02-26 20:56:29
2333,1.7665081920543997,2023-02-26 20:56:34
2333,4.587372628526342,2023-02-26 21:01:20
2333,4.791543245737307,2023-02-26 21:01:26
2333,5.346562801681758,2023-02-26 21:01:31
2333,4.4547831760491405,2023-02-26 21:01:37
2333,3.5936346620272905,2023-02-26 21:01:42
2333,1.7929569566137453,2023-02-26 21:01:48
2333,4.1474781326091925,2023-02-26 21:01:53
2333,4.8791638463153,2023-02-26 21:01:59
2333,7.1836529802813125,2023-02-26 21:02:04
2333,4.200987310367588,2023-02-26 21:02:10
2333,3.0791000863239466,2023-02-26 21:02:15
2333,1.2475118234422895,2023-02-26 21:02:21
2333,2.7795641553702293,2023-02-26 21:02:26
2333,6.651239961313778,2023-02-26 21:02:32
2333,5.8824816578493975,2023-02-26 21:02:37
2333,7.198122267171244,2023-02-26 21:02:42
2333,5.324807786648616,2023-02-26 21:02:48
2333,3.637856869867904,2023-02-26 21:02:53
2333,2.8263511209672405,2023-02-26 21:02:59
2333,3.900512129257799,2023-02-26 21:03:04
2333,5.090608441693067,2023-02-26 21:03:10
2333,5.353329219959352,2023-02-26 21:03:15
2333,3.058158548136519,2023-02-26 21:03:21
2333,2.8518325007882996,2023-02-26 21:03:26
2333,2.056274883079398,2023-02-26 21:03:32
2333,4.542652392262206,2023-02-26 21:03:37
2333,6.296112797549058,2023-02-26 21:03:43
2333,7.4276445884482385,2023-02-26 21:03:48
2333,6.442292899500794,2023-02-26 21:03:53
2333,2.7560374007706225,2023-02-26 21:03:59
2333,2.1576820988100893,2023-02-26 21:04:04
2333,3.9054102747652104,2023-02-26 21:04:10
2333,4.435243670769745,2023-02-26 21:04:15
2333,5.528531569477697,2023-02-26 21:04:21
2333,5.654904410403092,2023-02-26 21:04:26
2333,2.643292927402689,2023-02-26 21:04:32
2333,3.2902738120295894,2023-02-26 21:04:37
2333,3.727276511785116,2023-02-26 21:04:43
2333,5.0438213189933885,2023-02-26 21:04:48
2333,5.241028365780906,2023-02-26 21:04:54
2333,6.954691047342711,2023-02-26 21:04:59
2333,3.9660942140397943,2023-02-26 21:05:04
2333,3.0454532837469626,2023-02-26 21:05:10
2333,3.4057339069065735,2023-02-26 21:05:15
2333,3.725812038728536,2023-02-26 21:05:21
2333,7.194908121171759,2023-02-26 21:05:26
2333,4.969987213015078,2023-02-26 21:05:32
2333,5.677539285073661,2023-02-26 21:05:37
2333,2.7279481624259843,2023-02-26 21:05:43
2333,1.7408832705137882,2023-02-26 21:05:48
2333,2.8469624026010854,2023-02-26 21:05:54
2333,5.225805126750589,2023-02-26 21:05:59
2333,6.132374967689266,2023-02-26 21:06:04
2333,6.37898002195749,2023-02-26 21:06:10
2333,3.85229164375888,2023-02-26 21:06:15
2333,2.98002624671658,2023-02-26 21:06:21
2333,3.632796197368493,2023-02-26 21:06:26
2333,4.98390039145514,2023-02-26 21:06:32
2333,7.809898855433058,2023-02-26 21:06:37
2333,5.494757409542405,2023-02-26 21:06:42
2333,2.4507974915856128,2023-02-26 21:06:48
2333,2.8489726403568634,2023-02-26 21:06:53
2333,1.7020094446175031,2023-02-26 21:06:59
2333,5.559910354830899,2023-02-26 21:07:04
2333,7.110427647985139,2023-02-26 21:07:10
2333,5.366084315845185,2023-02-26 21:07:15
2333,5.476807948670801,2023-02-26 21:07:21
2333,2.2786173836267554,2023-02-26 21:07:26
2333,2.088173976290979,2023-02-26 21:07:32
2333,4.230098651618597,2023-02-26 21:07:37
2333,5.076073509930271,2023-02-26 21:07:43
2333,7.272612912881531,2023-02-26 21:07:48
2333,5.44192367675453,2023-02-26 21:07:54
2333,3.2604801531238055,2023-02-26 21:07:59
2333,3.4403078397496927,2023-02-26 21:08:05
2333,4.151005627294275,2023-02-26 21:08:10
2333,6.3952680102013515,2023-02-26 21:08:15
2333,6.2991410852967995,2023-02-26 21:08:21
2333,6.500452495205809,2023-02-26 21:08:26
2333,4.661075132835836,2023-02-26 21:08:32
2333,2.363454593057838,2023-02-26 21:08:37
2333,1.9833384521050896,2023-02-26 21:08:43
2333,5.0827733375361825,2023-02-26 21:08:48
2333,7.7245470134934395,2023-02-26 21:08:54
2333,6.730313503760877,2023-02-26 21:08:59
2333,5.379761505759981,2023-02-26 21:09:04
2333,3.7549230339241824,2023-02-26 21:09:10
2333,1.7578507297359502,2023-02-26 21:09:15
2333,3.35058320101358,2023-02-26 21:09:21
2333,5.040854152123944,2023-02-26 21:09:26
2333,4.8724751369873545,2023-02-26 21:09:32
2333,3.9001727953338823,2023-02-26 21:09:37
2333,3.98677848835957,2023-02-26 21:09:43
2333,1.8167624740812012,2023-02-26 21:09:48
2333,2.7730798651523845,2023-02-26 21:09:54
2333,4.681789607892793,2023-02-26 21:09:59
2333,5.817274999707275,2023-02-26 21:10:04
2333,4.583998255855385,2023-02-26 21:10:10
2333,2.6437798458000827,2023-02-26 21:10:15
2333,2.3306722306330343,2023-02-26 21:10:21
2333,3.3156975653376213,2023-02-26 21:10:26
2333,5.845442471478224,2023-02-26 21:10:32
2333,5.136878180466545,2023-02-26 21:10:37
2333,6.596130570091681,2023-02-26 21:10:42
2333,4.392255983002515,2023-02-26 21:10:48
2333,3.539660229206528,2023-02-26 21:10:53
2333,4.341406558522328,2023-02-26 21:10:59
2333,5.166806546227971,2023-02-26 21:11:04
2333,4.978050795819122,2023-02-26 21:11:10
2333,7.443613186715749,2023-02-26 21:11:15
2333,5.652024797600476,2023-02-26 21:11:21
2333,3.245666827610563,2023-02-26 21:11:26
2333,3.321048183003912,2023-02-26 21:11:32
2333,5.235996833036436,2023-02-26 21:11:37
2333,6.509455714799447,2023-02-26 21:11:43
2333,5.80075182778528,2023-02-26 21:11:48
2333,6.313678964997681,2023-02-26 21:11:53
2333,1.6978445052569249,2023-02-26 21:11:59
2333,3.2548371654631083,2023-02-26 21:12:04
2333,3.576836013619053,2023-02-26 21:12:10
2333,4.236335366558269,2023-02-26 21:12:15
2333,7.759075659108185,2023-02-26 21:12:21
2333,6.203889173783976,2023-02-26 21:12:26
2333,3.02163692928776,2023-02-26 21:12:32
2333,3.3675589282296254,2023-02-26 21:12:37
2333,3.358886954655074,2023-02-26 21:12:43
2333,4.358129017212235,2023-02-26 21:12:48
2333,6.10922760783725,2023-02-26 21:12:53
2333,4.981511080094228,2023-02-26 21:12:59
2333,3.244737036657881,2023-02-26 21:13:04
2333,3.5496269185310068,2023-02-26 21:13:10
2333,3.2899029371842836,2023-02-26 21:13:15
2333,5.135757805974983,2023-02-26 21:13:21
2333,4.803921708921278,2023-02-26 21:13:26
2333,7.553693595740199,2023-02-26 21:13:32
2333,5.315808847456145,2023-02-26 21:13:37
2333,3.2812172469314707,2023-02-26 21:13:43
2333,2.4415213063871004,2023-02-26 21:13:48
2333,2.762570867705214,2023-02-26 21:13:54
2333,6.447721142559717,2023-02-26 21:13:59
2333,5.03927547495316,2023-02-26 21:14:05
2333,4.144074866853381,2023-02-26 21:14:10
2333,3.165415707141946,2023-02-26 21:14:16
2333,3.905401956424864,2023-02-26 21:14:21
2333,4.014737068314071,2023-02-26 21:14:26
2333,4.744198279902551,2023-02-26 21:14:32
2333,6.14596519172261,2023-02-26 21:14:37
2333,7.086237280984987,2023-02-26 21:14:43
2333,4.310633467346729,2023-02-26 21:14:48
2333,2.6661837262455244,2023-02-26 21:14:54
2333,4.309672852877309,2023-02-26 21:14:59
2333,5.642695836822039,2023-02-26 21:15:05
2333,6.67346382760163,2023-02-26 21:15:10
2333,6.9684582175623655,2023-02-26 21:15:16
2333,5.02268991388332,2023-02-26 21:15:21
2333,2.094298863284234,2023-02-26 21:15:26
2333,2.772308665032511,2023-02-26 21:15:32
2333,3.890212842566364,2023-02-26 21:15:37
2333,6.7094270235442774,2023-02-26 21:15:43
2333,5.6725497509444205,2023-02-26 21:15:48
2333,4.549402418300179,2023-02-26 21:15:54
2333,4.547468970053061,2023-02-26 21:15:59
2333,1.3936831581345324,2023-02-26 21:16:05
2333,5.094087681997749,2023-02-26 21:16:10
2333,5.843421060750106,2023-02-26 21:16:16
2333,6.37630247952338,2023-02-26 21:16:21
2333,5.716793546716053,2023-02-26 21:16:27
2333,3.4892678003278856,2023-02-26 21:16:32
2333,2.5935476592541806,2023-02-26 21:16:38
2333,4.40060883495851,2023-02-26 21:16:43
2333,4.989445921869885,2023-02-26 21:16:49
2333,7.761921448178368,2023-02-26 21:16:54
2333,7.338176624182045,2023-02-26 21:17:00
2333,4.949970146434813,2023-02-26 21:17:05
2333,2.5184365761576926,2023-02-26 21:17:11
2333,3.0265455351268793,2023-02-26 21:17:16
2333,3.9513188693311823,2023-02-26 21:17:22
2333,4.952696217882601,2023-02-26 21:17:27
2333,7.176812922648815,2023-02-26 21:17:33
2333,5.846982338646342,2023-02-26 21:17:38
2333,3.45335602573964,2023-02-26 21:17:44
2333,3.4073840199189425,2023-02-26 21:17:49
2333,2.9178620825367028,2023-02-26 21:17:55
2333,5.427530945281158,2023-02-26 21:18:00
2333,6.15159858145887,2023-02-26 21:18:05
2333,4.967741018049679,2023-02-26 21:18:11
2333,2.6179310333457333,2023-02-26 21:18:16
2333,1.2026821129796434,2023-02-26 21:18:22
2333,2.9469551972365657,2023-02-26 21:18:27
2333,6.9536292048175,2023-02-26 21:18:33
2333,5.651124047543503,2023-02-26 21:18:38
2333,6.600732255327154,2023-02-26 21:18:44
2333,3.830897388877216,2023-02-26 21:18:49
2333,1.723339870788019,2023-02-26 21:18:55
2333,2.2771085302671144,2023-02-26 21:19:00
2333,4.243861245746426,2023-02-26 21:19:05
2333,5.548702138632793,2023-02-26 21:19:11
2333,4.6751822143132955,2023-02-26 21:19:16
2333,2.983065981977221,2023-02-26 21:19:22
2333,3.8207547320736848,2023-02-26 21:19:27
2333,1.846821321242086,2023-02-26 21:19:33
2333,3.322797521520802,2023-02-26 21:19:38
2333,4.683939237867933,2023-02-26 21:19:44
2333,7.2461552566766825,2023-02-26 21:19:49
2333,3.458900828428501,2023-02-26 21:19:55
2333,3.972712871209512,2023-02-26 21:20:00
2333,3.5454440592861163,2023-02-26 21:20:05
2333,2.5027796007575156,2023-02-26 21:20:11
2333,5.833396741768568,2023-02-26 21:20:16
2333,5.900249844819103,2023-02-26 21:20:22
2333,6.617189681352302,2023-02-26 21:20:27
2333,2.5811681903529076,2023-02-26 21:20:33
2333,2.718099153953893,2023-02-26 21:20:38
2333,3.3681936861730115,2023-02-26 21:20:44
2333,3.800264129414244,2023-02-26 21:20:49
2333,7.438289536522562,2023-02-26 21:20:55
2333,7.2687378656246695,2023-02-26 21:21:00
2333,3.767405159350366,2023-02-26 21:21:05
2333,2.0108711982639633,2023-02-26 21:21:11
2333,4.06708669896433,2023-02-26 21:21:16
2333,4.74659070911907,2023-02-26 21:21:22
2333,7.123191066887657,2023-02-26 21:21:27
2333,7.52086607715074,2023-02-26 21:21:33
2333,4.319345147941331,2023-02-26 21:21:38
2333,2.2931909118192544,2023-02-26 21:21:44
2333,3.1727216115927472,2023-02-26 21:21:49
2333,4.2353197312352755,2023-02-26 21:21:54
2333,6.39753070661324,2023-02-26 21:22:00
2333,6.35130263745427,2023-02-26 21:22:05
2333,6.026085489826009,2023-02-26 21:22:11
2333,2.6907153658240905,2023-02-26 21:22:16
2333,1.2611077835728635,2023-02-26 21:22:21
2333,4.473930890075173,2023-02-26 21:22:27
2333,5.265585274968391,2023-02-26 21:22:32
2333,6.798949730800345,2023-02-26 21:22:38
2333,4.4499641788183775,2023-02-26 21:22:43
2333,3.2627751107032905,2023-02-26 21:22:48
2333,2.129962707109643,2023-02-26 21:22:54
2333,3.87809821030976,2023-02-26 21:22:59
2333,5.697622799024117,2023-02-26 21:23:05
2333,6.663051880542239,2023-02-26 21:23:10
2333,5.62603730889517,2023-02-26 21:23:15
2333,5.21078822223388,2023-02-26 21:23:21
2333,1.2931673447755587,2023-02-26 21:40:19
2333,2.198113818741125,2023-02-26 21:55:25
2333,3.9464331180101864,2023-02-26 21:55:30
2333,6.739060027234343,2023-02-26 22:10:35
2333,6.017234907950417,2023-02-26 22:17:26
2333,4.90176594245609,2023-02-26 22:17:32
2333,3.6695678604852957,2023-02-26 22:33:16
2333,1.4021622963924583,2023-02-26 22:49:12
2333,3.0619993279895192,2023-02-26 22:49:18
2333,6.541378319870807,2023-02-26 23:05:01
2333,7.262417296442544,2023-02-26 23:20:28
2333,5.490447379665808,2023-02-26 23:27:48
2333,2.059904028840445,2023-02-26 23:27:53
2333,3.111445431693629,2023-02-26 23:27:59
2333,3.821644194916579,2023-02-26 23:44:23
2333,4.4974577758365495,2023-02-26 23:52:42
2333,7.358591542922788,2023-02-26 23:52:48
2333,6.799650533945122,2023-02-26 23:52:54
2333,2.8317081300759614,2023-02-26 23:52:59
2333,1.3640222932272872,2023-02-26 23:53:04
2333,2.6659103792959127,2023-02-26 23:53:10
2333,6.012338511718978,2023-02-26 23:53:15
2333,7.022358233192605,2023-02-26 23:53:21
2333,6.772675663859298,2023-02-26 23:53:26
2333,4.973742773083641,2023-02-26 23:53:32
2333,3.35833496334507,2023-02-26 23:53:37
2333,3.0467078782707624,2023-02-26 23:53:43
2333,5.379558139883658,2023-02-26 23:53:48
2333,5.035986656451209,2023-02-26 23:53:54
2333,6.382220347470402,2023-02-26 23:53:59
2333,3.690196484827194,2023-02-26 23:54:05
2333,2.8853472204914823,2023-02-26 23:54:10
2333,3.764620856904579,2023-02-26 23:54:16
2333,4.559139429817536,2023-02-26 23:54:21
2333,6.682569996020878,2023-02-26 23:54:27
2333,6.861187254887997,2023-02-26 23:54:32
2333,4.1733340423202785,2023-02-26 23:54:38
2333,2.556096807881074,2023-02-26 23:54:43
2333,1.4473461363994304,2023-02-26 23:54:49
2333,2.7016666096952613,2023-02-26 23:54:54
2333,5.828357047621222,2023-02-26 23:54:59
2333,7.420274743674021,2023-02-26 23:55:05
2333,4.849308511881836,2023-02-26 23:55:10
2333,4.853921584526617,2023-02-26 23:55:16
2333,2.3080603674612323,2023-02-26 23:55:21
2333,2.294093989598493,2023-02-26 23:55:27
2333,4.0915348193441075,2023-02-26 23:55:32
2333,6.696574127960524,2023-02-26 23:55:38
2333,6.129220707681343,2023-02-26 23:55:43
2333,4.366116479982509,2023-02-26 23:55:49
2333,3.5650213088071805,2023-02-26 23:55:54
2333,1.8828677291976643,2023-02-26 23:55:59
2333,3.9102538500153616,2023-02-26 23:56:05
2333,4.881132746540823,2023-02-26 23:56:10
2333,7.614676126622528,2023-02-26 23:56:16
2333,6.003922949116372,2023-02-26 23:56:21
2333,2.455698624277096,2023-02-26 23:56:27
2333,3.555843552635621,2023-02-26 23:56:32
2333,4.620317227186948,2023-02-26 23:56:38
2333,6.548012232931774,2023-02-26 23:56:43
2333,7.256435232907024,2023-02-26 23:56:49
2333,5.530078582421757,2023-02-26 23:56:54
2333,4.70499058165759,2023-02-26 23:57:00
2333,1.8218973289194063,2023-02-26 23:57:05
2333,2.3789280773526724,2023-02-26 23:57:11
2333,6.263436466317538,2023-02-26 23:57:16
2333,7.582890839985481,2023-02-26 23:57:22
2333,6.1300486396407745,2023-02-26 23:57:27
2333,3.4485789260317947,2023-02-26 23:57:32
2333,2.754750685466521,2023-02-26 23:57:38
2333,3.756951947973536,2023-02-26 23:57:43
2333,4.218144945757646,2023-02-26 23:57:49
2333,6.942271356777578,2023-02-26 23:57:54
2333,6.905294492302871,2023-02-26 23:58:00
2333,5.781116750105631,2023-02-26 23:58:05
2333,4.061171404733635,2023-02-26 23:58:11
2333,3.051333228788396,2023-02-26 23:58:16
2333,3.5567141284617767,2023-02-26 23:58:22
2333,4.5902681634716425,2023-02-26 23:58:27
2333,7.384613421369125,2023-02-26 23:58:32
2333,5.014531363739024,2023-02-26 23:58:38
2333,3.3451768075456374,2023-02-26 23:58:43
2333,2.5664548345846647,2023-02-26 23:58:49
2333,3.140475712357945,2023-02-26 23:58:54
2333,6.179722637095862,2023-02-26 23:59:00
2333,6.777142258715654,2023-02-26 23:59:05
2333,5.721280501481168,2023-02-26 23:59:11
2333,4.865190254230488,2023-02-26 23:59:16
2333,3.190847752605489,2023-02-26 23:59:22
2333,2.647936947816753,2023-02-26 23:59:27
2333,3.6169564892695125,2023-02-26 23:59:33
2333,6.882086528980776,2023-02-26 23:59:38
2333,5.8736637482474645,2023-02-26 23:59:43
2333,4.922088289798369,2023-02-26 23:59:49
2333,2.0878158976028214,2023-02-26 23:59:54
2333,3.586082051407436,2023-02-27 00:00:00
2333,4.47018443542412,2023-02-27 00:00:05
2333,6.9394702159419985,2023-02-27 00:00:11
2333,7.957831693388666,2023-02-27 00:00:16
2333,6.019860483629028,2023-02-27 00:00:22
2333,2.400318467030888,2023-02-27 00:00:27
2333,3.2954693755851956,2023-02-27 00:00:33
2333,2.608363895527095,2023-02-27 00:00:38
2333,4.268500580453469,2023-02-27 00:00:44
2333,7.529016209482027,2023-02-27 00:00:49
2333,4.492340690663137,2023-02-27 00:00:55
2333,4.094758138883083,2023-02-27 00:01:00
2333,2.8684211036473766,2023-02-27 00:01:06
2333,3.624044505993659,2023-02-27 00:01:11
2333,5.273508611900715,2023-02-27 00:01:17
2333,6.451105121445469,2023-02-27 00:01:22
2333,5.089785737405053,2023-02-27 00:01:28
2333,5.148296340159408,2023-02-27 00:01:33
2333,3.1451689335904307,2023-02-27 00:01:39
2333,2.2067532517133754,2023-02-27 00:01:44
2333,4.022599994599369,2023-02-27 00:01:49
2333,5.272909283612654,2023-02-27 00:01:55
2333,5.449663728604727,2023-02-27 00:02:00
2333,3.897568085617494,2023-02-27 00:02:06
2333,1.6690261589205329,2023-02-27 00:02:11
2333,3.8733566553118104,2023-02-27 00:02:17
2333,3.5104447854487364,2023-02-27 00:02:22
2333,6.723576693439535,2023-02-27 00:02:28
2333,5.491653357565385,2023-02-27 00:02:33
2333,4.934846513638816,2023-02-27 00:02:39
2333,3.736269997476252,2023-02-27 00:02:44
2333,1.7541751708661142,2023-02-27 00:02:50
2333,3.206030268517548,2023-02-27 00:02:55
2333,4.934856628541033,2023-02-27 00:03:01
2333,5.209480984450607,2023-02-27 00:03:06
2333,5.667414571161419,2023-02-27 00:03:12
2333,5.256121271505812,2023-02-27 00:03:17
2333,1.402924749733093,2023-02-27 00:03:23
2333,3.3470441155040414,2023-02-27 00:03:28
2333,5.815901139214041,2023-02-27 00:03:34
2333,6.058855721429161,2023-02-27 00:03:39
2333,7.0510835642467065,2023-02-27 00:03:45
2333,6.1513161624255055,2023-02-27 00:03:50
2333,1.5179629208487886,2023-02-27 00:03:56
2333,1.9280385828153401,2023-02-27 00:04:01
2333,5.228774757435561,2023-02-27 00:04:07
2333,5.808396798290653,2023-02-27 00:04:12
2333,7.4982005859543115,2023-02-27 00:04:18
2333,4.425052188262137,2023-02-27 00:04:23
2333,4.817238365675414,2023-02-27 00:04:29
2333,1.291448957277347,2023-02-27 00:04:34
2333,2.946829450188438,2023-02-27 00:04:40
2333,4.685279770808599,2023-02-27 00:04:45
2333,6.330384635186437,2023-02-27 00:04:51
2333,6.027088809172919,2023-02-27 00:04:56
2333,4.748858444630691,2023-02-27 00:05:02
2333,3.308272802197155,2023-02-27 00:05:08
2333,1.6002951183904477,2023-02-27 00:05:13
2333,6.208125885701872,2023-02-27 00:05:19
2333,7.711005140006627,2023-02-27 00:05:24
2333,5.71918909330804,2023-02-27 00:05:29
2333,3.1942511598269343,2023-02-27 00:05:35
2333,1.4227839191721996,2023-02-27 00:05:41
2333,2.250644755398058,2023-02-27 00:05:46
2333,3.9236420083594354,2023-02-27 00:05:52
2333,7.352134298258015,2023-02-27 00:05:57
2333,7.448687465702249,2023-02-27 00:06:02
2333,6.021064317531158,2023-02-27 00:06:08
2333,3.5110836775529184,2023-02-27 00:06:13
2333,3.481429594635877,2023-02-27 00:06:19
2333,4.816902882239287,2023-02-27 00:06:25
2333,6.445472864568253,2023-02-27 00:06:30
2333,5.578922303938469,2023-02-27 00:06:36
2333,5.642598006190558,2023-02-27 00:06:41
2333,4.3819044450583915,2023-02-27 00:06:47
2333,1.765202149678026,2023-02-27 00:06:52
2333,1.9306178669805254,2023-02-27 00:06:58
2333,3.775040912411203,2023-02-27 00:07:03
2333,4.973531777322731,2023-02-27 00:07:09
2333,4.966338386573295,2023-02-27 00:07:14
2333,3.937203517077182,2023-02-27 00:07:20
2333,3.6412689078883718,2023-02-27 00:07:25
2333,1.722428907583954,2023-02-27 00:07:31
2333,4.191523168643925,2023-02-27 00:07:36
2333,5.054886753984865,2023-02-27 00:07:42
2333,5.334020237478039,2023-02-27 00:07:47
2333,3.437382052213359,2023-02-27 00:07:53
2333,4.329867426491278,2023-02-27 00:07:58
2333,1.7648071884909995,2023-02-27 00:08:04
2333,4.834239458012412,2023-02-27 00:08:10
2333,7.118160987180458,2023-02-27 00:08:15
2333,5.3314625782880185,2023-02-27 00:08:21
2333,4.749907193189911,2023-02-27 00:08:26
2333,3.649058636400004,2023-02-27 00:08:32
2333,1.8979746178352983,2023-02-27 00:08:38
2333,2.5530521917389324,2023-02-27 00:08:43
2333,6.300978728801631,2023-02-27 00:08:49
2333,7.935887281105261,2023-02-27 00:08:54
2333,5.968067022299119,2023-02-27 00:09:00
2333,4.425572429895315,2023-02-27 00:09:05
2333,2.9897353088929446,2023-02-27 00:09:11
2333,3.3262571888818115,2023-02-27 00:09:16
2333,4.534597022251232,2023-02-27 00:09:22
2333,6.9970387058024235,2023-02-27 00:09:27
2333,6.864143649726641,2023-02-27 00:09:33
2333,4.269038449602281,2023-02-27 00:09:39
